--
-- Script was generated by Devart dbForge Studio 2020 for MySQL, Version 9.0.338.0
-- Product home page: http://www.devart.com/dbforge/mysql/studio
-- Script date 8/16/2022 8:34:18 PM
-- Server version: 10.3.34
-- Client version: 4.1
--

-- 
-- Disable foreign keys
-- 
/*!40014 SET @OLD_FOREIGN_KEY_CHECKS=@@FOREIGN_KEY_CHECKS, FOREIGN_KEY_CHECKS=0 */;

-- 
-- Set SQL mode
-- 
/*!40101 SET @OLD_SQL_MODE=@@SQL_MODE, SQL_MODE='NO_AUTO_VALUE_ON_ZERO' */;

-- 
-- Set character set the client will use to send SQL statements to the server
--
SET NAMES 'utf8';

--
-- Set default database
--
USE `WDT.2022.NVHThai`;

--
-- Drop procedure `Proc_Employee_GetMaxCode`
--
DROP PROCEDURE IF EXISTS Proc_Employee_GetMaxCode;

--
-- Drop procedure `Proc_Employee_GetPaging`
--
DROP PROCEDURE IF EXISTS Proc_Employee_GetPaging;

--
-- Drop procedure `Proc_GetEmployees`
--
DROP PROCEDURE IF EXISTS Proc_GetEmployees;

--
-- Drop procedure `Proc_TotalEmployees`
--
DROP PROCEDURE IF EXISTS Proc_TotalEmployees;

--
-- Drop procedure `procedure1`
--
DROP PROCEDURE IF EXISTS procedure1;

--
-- Drop function `Func_Get_Auto_EmployeeCode`
--
DROP FUNCTION IF EXISTS Func_Get_Auto_EmployeeCode;

--
-- Drop table `employees`
--
DROP TABLE IF EXISTS employees;

--
-- Drop table `departments`
--
DROP TABLE IF EXISTS departments;

--
-- Drop table `positions`
--
DROP TABLE IF EXISTS positions;

--
-- Set default database
--
USE `WDT.2022.NVHThai`;

--
-- Create table `positions`
--
CREATE TABLE positions (
  PositionsID char(36) NOT NULL COMMENT 'id vị trí công việc',
  PositionsCode varchar(20) NOT NULL COMMENT 'mã vị trí',
  PositionsName varchar(255) NOT NULL COMMENT 'tên vị trí',
  CreatedDate datetime DEFAULT NULL COMMENT 'ngày tạo bàng',
  CreateBy varchar(255) DEFAULT NULL COMMENT 'người tạo bảng',
  ModifiedDate datetime DEFAULT NULL COMMENT 'ngày sửa bảng',
  ModifiedBy varchar(255) DEFAULT NULL,
  PRIMARY KEY (PositionsID)
)
ENGINE = INNODB,
AVG_ROW_LENGTH = 2730,
CHARACTER SET utf8mb4,
COLLATE utf8mb4_general_ci,
COMMENT = 'bảng lưu vị trí công việc';

--
-- Create table `departments`
--
CREATE TABLE departments (
  DepartmentsID char(36) NOT NULL COMMENT 'id phòng ban',
  DepartmentsCode varchar(20) NOT NULL COMMENT 'mã phòng ban',
  DepartmentsName varchar(255) NOT NULL COMMENT 'tên phòng ban',
  CreatedDate datetime DEFAULT NULL COMMENT 'ngày tạo bảng',
  CreatedBy varchar(255) DEFAULT NULL COMMENT 'người tạo bảng',
  ModifiedDate datetime DEFAULT NULL COMMENT 'ngày sửa bảng',
  ModifiedBy varchar(255) DEFAULT NULL COMMENT 'người sửa bảng',
  PRIMARY KEY (DepartmentsID)
)
ENGINE = INNODB,
AVG_ROW_LENGTH = 3276,
CHARACTER SET utf8mb4,
COLLATE utf8mb4_general_ci;

--
-- Create table `employees`
--
CREATE TABLE employees (
  EmployeesID char(36) NOT NULL COMMENT 'ID của bản ghi nhân viên',
  EmployeesCode varchar(20) NOT NULL COMMENT 'mã nhân viên',
  EmployeesName varchar(255) NOT NULL COMMENT 'tên nhân viên',
  DateOfBirth date DEFAULT NULL COMMENT 'ngày sinh',
  Gender smallint(3) DEFAULT NULL COMMENT 'giới tính (0:nữ,1:nam,2:khác)',
  IdentityNumber varchar(20) NOT NULL COMMENT 'số cmt/căn cước công dân',
  IdentityIssuedDate date DEFAULT NULL COMMENT 'ngày cấp cmt/căn cước công dân',
  IdentityIssuedPlace varchar(255) DEFAULT NULL COMMENT 'nơi cấp cmt/ căn cước công dân',
  Email varchar(50) NOT NULL COMMENT 'email nhân viên',
  PhoneNumber varchar(20) NOT NULL COMMENT 'số điện thoại nhân viên',
  PositionsID char(36) DEFAULT NULL,
  DepartmentsID char(36) DEFAULT NULL,
  TaxCode varchar(20) DEFAULT NULL COMMENT 'mã số thuế nhân viên',
  Salary decimal(18, 4) DEFAULT NULL COMMENT 'lương nhân viên',
  JoinDate date DEFAULT NULL COMMENT 'ngày vào công ty',
  WorkStatus smallint(3) DEFAULT NULL COMMENT 'tình trạng làm việc (0:chưa làm việc,1:đang làm việc,2:đã nghỉ việc)',
  CreatedDate datetime DEFAULT NULL COMMENT 'ngày tạo bảng',
  CreatedBy varchar(255) DEFAULT NULL COMMENT 'người tạo bảng',
  ModifiedDate datetime DEFAULT NULL COMMENT 'ngày sửa bảng',
  ModifiedBy varchar(255) DEFAULT NULL COMMENT 'người sửa bảng',
  PRIMARY KEY (EmployeesID)
)
ENGINE = INNODB,
AVG_ROW_LENGTH = 297,
CHARACTER SET utf8mb4,
COLLATE utf8mb4_general_ci,
COMMENT = 'Bảng lưu thông tin nhân viên';

--
-- Create index `FK_Employees_Positions` on table `employees`
--
ALTER TABLE employees
ADD INDEX FK_Employees_Positions (PhoneNumber);

--
-- Create index `UK_employees_EmployeesCode` on table `employees`
--
ALTER TABLE employees
ADD UNIQUE INDEX UK_employees_EmployeesCode (EmployeesCode);

--
-- Create foreign key
--
ALTER TABLE employees
ADD CONSTRAINT FK_employees_department FOREIGN KEY (DepartmentsID)
REFERENCES departments (DepartmentsID) ON DELETE NO ACTION;

--
-- Create foreign key
--
ALTER TABLE employees
ADD CONSTRAINT FK_employees_position FOREIGN KEY (PositionsID)
REFERENCES positions (PositionsID) ON DELETE NO ACTION;

DELIMITER $$

--
-- Create function `Func_Get_Auto_EmployeeCode`
--
CREATE DEFINER = 'dev'@'%'
FUNCTION Func_Get_Auto_EmployeeCode ()
RETURNS varbinary(20)
DETERMINISTIC
READS SQL DATA
BEGIN
  SET @latestCode = (SELECT
      EmployeesCode
    FROM employees
    ORDER BY EmployeesCode DESC LIMIT 1);
  -- Tách phần số ra
  SET @latestCodeID = (SELECT
      SUBSTRING(@latestCode, 3));
  #cat tu cai thu tu so 4
  -- Ghép vào string NV để lấy ra mã mới hoàn chỉnh
  SET @newCode = (SELECT
      CONCAT('NV', @latestCodeID + 1));
  RETURN @newCode;
  RETURN 1;
END
$$

--
-- Create procedure `procedure1`
--
CREATE DEFINER = 'dev'@'%'
PROCEDURE procedure1 ()
BEGIN
  SELECT
    e.EmployeesID,
    e.EmployeesCode,
    e.EmployeesName,
    e.DateOfBirth,
    e.Gender,
    e.IdentityNumber,
    e.IdentityIssuedPlace,
    e.IdentityIssuedDate,
    e.Email,
    e.PhoneNumber,
    e.PositionsID,
    e.DepartmentsID,
    e.TaxCode,
    e.Salary,
    e.JoinDate,
    e.WorkStatus,
    p.PositionsName AS PositionsName,
    d.DepartmentsName AS DepartmentsName
  FROM employees e
    INNER JOIN departments d
      ON e.DepartmentsID = d.DepartmentsID
    INNER JOIN positions p
      ON e.PositionsID = p.PositionsID;
END
$$

--
-- Create procedure `Proc_TotalEmployees`
--
CREATE DEFINER = 'dev'@'%'
PROCEDURE Proc_TotalEmployees ()
BEGIN
  SELECT
    COUNT(*)
  FROM employees;
END
$$

--
-- Create procedure `Proc_GetEmployees`
--
CREATE DEFINER = 'dev'@'%'
PROCEDURE Proc_GetEmployees (IN $EmployeesID char(36))
BEGIN
  SELECT
    e.EmployeesID,
    e.EmployeesCode,
    e.EmployeesName,
    e.DateOfBirth,
    e.Gender,
    e.IdentityNumber,
    e.IdentityIssuedPlace,
    e.IdentityIssuedDate,
    e.Email,
    e.PhoneNumber,
    e.PositionsID,
    e.DepartmentsID,
    e.TaxCode,
    e.Salary,
    e.JoinDate,
    e.WorkStatus,
    p.PositionsName AS PositionsName,
    d.DepartmentsName AS DepartmentsName
  FROM employees e
    LEFT JOIN departments d
      ON e.DepartmentsID = d.DepartmentsID
    LEFT JOIN positions p
      ON e.PositionsID = p.PositionsID
  WHERE e.EmployeesID = $EmployeesID;
END
$$

--
-- Create procedure `Proc_Employee_GetPaging`
--
CREATE DEFINER = 'dev'@'%'
PROCEDURE Proc_Employee_GetPaging (IN $Skip int, IN $Take int, IN $Sort varchar(100), IN $Where varchar(500))
BEGIN
  -- Tạo ra bảng tạm `tmp_employee` lưu thông tin nhân viên
  -- Nên sử dụng bảng tạm vì bảng này sẽ không chỉ chứa dữ liệu lấy ra đơn thuần mà còn phục vụ mục đích lọc, sắp xếp, query theo điều kiện,...
  -- Ngoài ra phải lấy dữ liệu theo phân trang và tổng số bản ghi nên việc sử dụng bảng tạm giúp việc truy vấn trở nên dễ dàng hơn
  CREATE TEMPORARY TABLE IF NOT EXISTS `tmp_employee` (
    EmployeesID char(36),
    EmployeesCode varchar(20),
    EmployeesName varchar(100),
    DateOfBirth date,
    Gender smallint(5),
    IdentityNumber varchar(25),
    IdentityIssuedPlace varchar(255),
    IdentityIssuedDate date,
    Email varchar(100),
    PhoneNumber varchar(50),
    PositionsID char(36),
    PositionsName varchar(36),
    DepartmentsID char(36),
    DepartmentName varchar(36),
    TaxCode varchar(20),
    Salary decimal(18, 4),
    JoinDate date,
    WorkStatus smallint(5)
  );

  -- Insert dữ liệu tương ứng vào bảng tạm temp_employee
  -- Lưu ý khi lấy dữ liệu trên list thì phòng ban và vị trí chỉ lấy thông tin tên phòng ban, tên vị trí nên phải join sang bảng `positions` và `department` để lấy thông tin
  INSERT INTO `tmp_employee`
    SELECT
      e.EmployeesID,
      e.EmployeesCode,
      e.EmployeesName,
      e.DateOfBirth,
      e.Gender,
      e.IdentityNumber,
      e.IdentityIssuedPlace,
      e.IdentityIssuedDate,
      e.Email,
      e.PhoneNumber,
      p.PositionsID,
      p.PositionsName,
      d.DepartmentsID,
      d.DepartmentsName,
      e.TaxCode,
      e.Salary,
      e.JoinDate,
      e.WorkStatus
    FROM `employees` e
      LEFT JOIN `departments` d
        ON e.DepartmentsID = d.DepartmentsID
      LEFT JOIN `positions` p
        ON e.PositionsID = p.PositionsID;

  #Phân trang
  -- Nếu như không có điều kiện query truyền vào thì gán 1=1 (điều kiện này luôn đúng - đây là 1 cách để set điều kiện query mặc định)
  IF IFNULL($Where, '') = '' THEN
    SET $Where = '1=1';
  END IF;

  IF IFNULL($Sort, '') = '' THEN
    SET $Sort = 'EmployeesCode DESC'; -- Hiện tại đang để default sắp xếp theo mã nhân viên giảm dần (có thể edit để thay đổi sắp xếp theo yêu cầu đề bài)
  END IF;
  IF $Take = -1 THEN
    SET @filterQuery = CONCAT('SELECT * FROM `tmp_employee` WHERE ', $Where, ' ORDER BY ', $Sort); -- Mặc định truyền -1 => Nếu truyền -1 sẽ lấy toàn bộ bản ghi
  ELSE
    SET @filterQuery = CONCAT('SELECT * FROM `tmp_employee` WHERE ', $Where, ' ORDER BY ', $Sort, ' LIMIT ', $Skip, ',', $Take); -- Nếu lấy dữ liệu trên 1 page có truyền skip, take vào thì sẽ lấy số lượng bản ghi tương ứng trên page
  END IF;

  -- Có thể để ý thấy trên yêu cầu đề bài sẽ không chỉ lấy ra thông tin nhân viên trên page mà còn lấy ra tổng số bản ghi trên toàn bộ các page
  -- Vậy nên có thể hiểu là dữ liệu mong muốn trả về trong store này là 2 dữ liệu: Thông tin nhân viên + Tổng số bản ghi
  -- => Sử dụng phương pháp execute query để trả về 2 thông tin trong cùng 1 store
  PREPARE stmt1 FROM @filterQuery;
  EXECUTE stmt1;
  DEALLOCATE PREPARE stmt1;

  SET @filterQuery = CONCAT('SELECT count(EmployeesID) AS TotalCount FROM `tmp_employee` WHERE ', $Where);
  PREPARE stmt1 FROM @filterQuery;
  EXECUTE stmt1;
  DEALLOCATE PREPARE stmt1;

  -- Drop temp table đi sau khi dùng xong để giải phóng dữ liệu
  DROP TEMPORARY TABLE `tmp_employee`;
END
$$

--
-- Create procedure `Proc_Employee_GetMaxCode`
--
CREATE DEFINER = 'dev'@'%'
PROCEDURE Proc_Employee_GetMaxCode ()
BEGIN
  SELECT
    MAX(DISTINCT (EmployeesCode))
  FROM employees;
END
$$

DELIMITER ;

-- 
-- Dumping data for table positions
--
INSERT INTO positions VALUES
('2f21d279-fd4b-11ec-b2bc-847beb21fa4f', 'PO06222', 'Trưởng phòng', '1994-12-31 18:43:34', 'Trần Nguyễn Thùy Anh', '1995-12-04 15:00:21', 'Lê Phương Khanh'),
('2f25e3f1-fd4b-11ec-b2bc-847beb21fa4f', 'PO56860', 'Giám đốc sản xuất', '2016-04-07 09:10:06', 'Nguyễn Quỳnh Trang', '1984-09-12 20:54:45', 'Vũ Phương Linh'),
('2f25e60f-fd4b-11ec-b2bc-847beb21fa4f', 'PO55853', 'Bảo vệ', '2003-04-16 18:41:49', 'Nguyễn Thị Quỳnh Trang', '1977-10-22 01:15:05', 'Vũ Phương Linh'),
('2f2722e8-fd4b-11ec-b2bc-847beb21fa4f', 'PO90982', 'Nhân viên tư vấn', '2021-04-20 07:29:41', 'Chu Diễm Hương', '2001-03-08 05:24:22', 'Lưu Văn Thành'),
('2f27f18b-fd4b-11ec-b2bc-847beb21fa4f', 'PO19261', 'Giám đốc tuyển dụng', '2003-08-25 12:56:17', 'Hoàng Lê Thảo Nguyên', '1995-12-04 15:00:20', 'Nguyễn Thị Quỳnh Trang'),
('2f283cbe-fd4b-11ec-b2bc-847beb21fa4f', 'PO47425', 'Kế toán', '2019-02-03 13:51:25', 'Phạm Thành Thiết', '2005-12-08 08:33:23', 'Phạm Hải Yến');

-- 
-- Dumping data for table departments
--
INSERT INTO departments VALUES
('2f21402d-fd4b-11ec-b2bc-847beb21fa4f', 'DP21998', 'Phòng kế toán', '1996-02-14 01:38:09', 'Nguyễn Huy Hoàng', '1970-01-01 00:00:08', 'Phạm Văn Hiệp'),
('2f269c98-fd4b-11ec-b2bc-847beb21fa4f', 'DP24299', 'Phòng bảo vệ', '2001-05-18 16:02:09', 'Nguyễn Minh Hiếu', '2001-07-02 17:07:24', 'Phạm Thành Thiết'),
('2f274d39-fd4b-11ec-b2bc-847beb21fa4f', 'DP99560', 'Phòng hỗ trợ khách hàng', '1983-09-29 13:46:25', 'Nguyễn Thị Trà My', '1970-01-01 00:00:04', 'Nguyễn Mai Anh'),
('2f2927a9-fd4b-11ec-b2bc-847beb21fa4f', 'DP36876', 'Phòng nhân sự', '2013-10-21 01:41:58', 'Nguyễn Lê Quang Vinh', '1971-04-23 16:29:04', 'Trần Huyền Trang'),
('2f29922d-fd4b-11ec-b2bc-847beb21fa4f', 'DP34076', 'Phòng hành chính', '1970-01-01 00:07:13', 'Lưu Văn Thành', '2003-10-21 02:28:22', 'Nguyễn Ngọc Hải');

-- 
-- Dumping data for table employees
--
INSERT INTO employees VALUES
('0ff6f89b-b45d-4d72-b223-29a9d5b82953', 'NV10053', 'Nguyễn Quỳnh Trang', '1970-01-01', 0, '91056', '1970-01-01', '64063', 'Verlie.Cathey23@gmail.com', '078118125', '2f27f18b-fd4b-11ec-b2bc-847beb21fa4f', '2f269c98-fd4b-11ec-b2bc-847beb21fa4f', '81385', 5000000000.0000, '1970-01-01', 0, '2022-08-09 00:14:38', NULL, NULL, NULL),
('15f33233-f7fb-4fba-807e-a63e3fe37ffd', 'NV10056', 'a', '2022-08-06', NULL, '1', '1970-01-01', 'a', '1@gmail.com', '1', '2f25e3f1-fd4b-11ec-b2bc-847beb21fa4f', '2f274d39-fd4b-11ec-b2bc-847beb21fa4f', '', 11111111111.0000, '2022-08-25', NULL, '2022-08-09 03:06:17', NULL, NULL, NULL),
('21dc6051-033a-41bc-94f3-7a95df3cd3bc', 'NV10048', 'Nguyễn Quỳnh Trang', NULL, 0, '91056', NULL, '64063', 'Verlie.Cathey23@gmail.com', '078118125', '2f27f18b-fd4b-11ec-b2bc-847beb21fa4f', '2f269c98-fd4b-11ec-b2bc-847beb21fa4f', '81385', 5000000.0000, NULL, 0, '2022-08-09 00:12:42', NULL, '2022-08-09 00:12:42', NULL),
('2f1964e9-fd4b-11ec-b2bc-847beb21fa4f', 'NV10019', 'Nguyễn Quỳnh Trang', '1967-03-18', 1, '01253', '1974-10-15', '74570', 'CurtC.Acker@gmail.com', '035952747', '2f21d279-fd4b-11ec-b2bc-847beb21fa4f', '2f274d39-fd4b-11ec-b2bc-847beb21fa4f', '45501', 5000000.0000, '1970-02-13', 0, '1974-06-22 12:31:04', 'Trần Bảo Anh', '1983-05-01 21:35:09', 'Ân Thị Giang'),
('2f19ae76-fd4b-11ec-b2bc-847beb21fa4f', 'NV10021', 'Nguyễn Hồ Hoàng Anh', '1978-02-23', 0, '38672', '1975-04-08', '98216', 'Brill7@gmail.com', '010414565', '2f21d279-fd4b-11ec-b2bc-847beb21fa4f', '2f274d39-fd4b-11ec-b2bc-847beb21fa4f', '91056', 5000000.0000, '2011-06-29', 2, '2022-08-02 23:58:01', 'Nguyễn Quỳnh Trang', '1970-01-01 02:37:34', 'Nguyễn Lê Quang Vinh'),
('2f1d87cb-fd4b-11ec-b2bc-847beb21fa4f', 'NV10006', 'Nguyễn Phương Linh', '1982-02-22', 2, '35930', '2008-12-11', '97577', 'Renner@gmail.com', '014366686', '2f2722e8-fd4b-11ec-b2bc-847beb21fa4f', '2f21402d-fd4b-11ec-b2bc-847beb21fa4f', '35930', 5000000.0000, '2000-07-18', 2, '2022-08-01 23:59:59', 'Nguyễn Trọng Phúc Hải', '1993-02-21 02:21:33', ''),
('2f1e3690-fd4b-11ec-b2bc-847beb21fa4f', 'NV10045', 'Đỗ Anh Minh', '1952-01-07', NULL, '06604', '1970-01-07', '29252', 'uiljbrgg_amtlxdmyak@icloud.com', '043140555', '2f275575-fd4b-11ec-b2bc-847beb21fa4f', '2f2927a9-fd4b-11ec-b2bc-847beb21fa4f', '76337', 5000000.0000, '1989-08-02', 2, '2003-05-02 20:48:43', NULL, '2021-06-24 16:24:32', 'Trần Huyền Trang'),
('2f23d55c-fd4b-11ec-b2bc-847beb21fa4f', 'NV10029', 'Bùi Minh Hiếu', '1990-07-07', 2, '67808', '2021-10-03', '79683', 'Vanover@icloud.com', '025799734', '2f27ace0-fd4b-11ec-b2bc-847beb21fa4f', '2f29922d-fd4b-11ec-b2bc-847beb21fa4f', '22845', 5000000.0000, '2020-03-09', 2, '2010-05-23 16:48:23', 'Nguyễn Hồ Hoàng Anh', '1985-03-10 07:58:24', 'Trần Thành Khang'),
('2f247acf-fd4b-11ec-b2bc-847beb21fa4f', 'NV10005', 'Hoàng Tuấn Anh', '1975-07-10', 1, '89796', '1986-04-12', '78180', 'Tim_Creighton482@icloud.com', '037203692', '2f21d279-fd4b-11ec-b2bc-847beb21fa4f', '2f2927a9-fd4b-11ec-b2bc-847beb21fa4f', '56780', 5000000.0000, '2017-08-02', 0, '1991-03-22 21:57:07', 'Phạm Thành Thiết', '2010-08-13 08:13:37', 'Phạm Hải Yến'),
('2f248b4f-fd4b-11ec-b2bc-847beb21fa4f', 'NV10001', 'Phạm Văn Hiệp', '1986-08-14', NULL, '08272', '1990-02-12', '64850', 'JeremyHaywood255@gmail.com', '018524323', '2f27f18b-fd4b-11ec-b2bc-847beb21fa4f', '2f21402d-fd4b-11ec-b2bc-847beb21fa4f', '08272', 5000000.0000, '1970-07-10', 0, '1970-01-01 00:05:44', NULL, '2008-08-05 13:35:43', 'Hoàng Tuấn Anh'),
('2f25cf8a-fd4b-11ec-b2bc-847beb21fa4f', 'NV10032', 'Ma Thị Ngân', '1971-01-29', 0, '61226', '1990-04-17', '45874', 'IsidroAlderman3@gmail.com', '049673737', '2f2722e8-fd4b-11ec-b2bc-847beb21fa4f', '2f29922d-fd4b-11ec-b2bc-847beb21fa4f', '01253', 5000000.0000, '1995-03-30', 0, '1983-10-23 23:47:11', 'Nguyễn Thế Hoàng Anh', '1970-01-01 00:00:44', 'Bùi Minh Hiếu'),
('2f25d3b9-fd4b-11ec-b2bc-847beb21fa4f', 'NV10000', 'Nguyễn Thế Hoàng Anh', '1967-11-20', 1, '69402', '2009-09-03', '39006', 'SandiRawlins@gmail.com', '073305440', '2f25e3f1-fd4b-11ec-b2bc-847beb21fa4f', '2f29922d-fd4b-11ec-b2bc-847beb21fa4f', '20367', 5000000.0000, '2015-03-22', 2, '2005-06-30 12:49:29', 'Lưu Văn Thành', '2021-10-04 15:57:12', 'Trần Huyền Trang'),
('2f260b76-fd4b-11ec-b2bc-847beb21fa4f', 'NV10022', 'Phạm Thành Thiết', '2001-10-10', NULL, '63249', '2017-08-20', '72811', 'DavidBooker@gmail.com', '025523238', '2f2722e8-fd4b-11ec-b2bc-847beb21fa4f', '2f29922d-fd4b-11ec-b2bc-847beb21fa4f', '06604', 5000000.0000, '1990-04-23', 2, '2013-12-05 02:35:57', NULL, '1996-08-19 05:22:18', 'Vũ Phương Linh'),
('2f2640c2-fd4b-11ec-b2bc-847beb21fa4f', 'NV10043', 'Nguyễn Quỳnh Trang', '1954-06-15', 0, '91056', '1972-06-15', '64063', 'Verlie.Cathey23@gmail.com', '078118125', '2f27f18b-fd4b-11ec-b2bc-847beb21fa4f', '2f269c98-fd4b-11ec-b2bc-847beb21fa4f', '81385', 5000000.0000, '1995-11-19', 0, '2016-12-27 06:08:00', 'Hoàng Tuấn Anh', '1970-01-01 00:09:09', 'Nguyễn Hồ Hoàng Anh'),
('2f2645b1-fd4b-11ec-b2bc-847beb21fa4f', 'NV10028', 'Ngô Quang Tú', '1952-01-07', 2, '52349', '1970-01-07', '49926', 'JeremyAranda42@gmail.com', '050492367', '2f27f18b-fd4b-11ec-b2bc-847beb21fa4f', '2f29922d-fd4b-11ec-b2bc-847beb21fa4f', '52349', 5000000.0000, '2011-07-08', 1, '1970-01-01 23:01:59', 'Trần Nguyễn Thùy Anh', '2015-09-16 03:22:15', 'Trần Bảo Anh'),
('2f26648b-fd4b-11ec-b2bc-847beb21fa4f', 'NV10010', 'Lưu Văn Thành', '1960-08-16', 2, '22326', '2009-11-14', '88777', 'Lauryn.Abel889@icloud.com', '013925708', '2f25e3f1-fd4b-11ec-b2bc-847beb21fa4f', '2f274d39-fd4b-11ec-b2bc-847beb21fa4f', '38672', 5000000.0000, '2010-12-16', 0, '1970-01-01 00:00:15', 'Nguyễn Hà My', '1981-11-02 20:14:22', ''),
('2f2669d4-fd4b-11ec-b2bc-847beb21fa4f', 'NV10020', 'Trần Bảo Anh', '1952-03-02', 0, '20367', '1970-03-03', '39808', 'Allan1@icloud.com', '027307896', '2f27ace0-fd4b-11ec-b2bc-847beb21fa4f', '2f2927a9-fd4b-11ec-b2bc-847beb21fa4f', '22326', 5000000.0000, '1970-11-12', 1, '1987-03-09 01:13:59', 'Nguyễn Văn Bài', '1989-03-05 11:50:23', 'Nguyễn Phúc Đạt'),
('2f26780f-fd4b-11ec-b2bc-847beb21fa4f', 'NV10013', 'Nguyễn Thị Quỳnh Trang', '2001-05-18', 0, '45399', '2015-11-09', '06208', 'ihdbuypk_ehnzwrchz@gmail.com', '032951818', '2f21d279-fd4b-11ec-b2bc-847beb21fa4f', '2f269c98-fd4b-11ec-b2bc-847beb21fa4f', '63249', 5000000.0000, '2006-11-26', 1, '2022-08-02 23:01:59', 'Phùng Thủy Nguyên', '1970-01-01 02:03:38', 'Chu Diễm Hương'),
('2f267e31-fd4b-11ec-b2bc-847beb21fa4f', 'NV10008', 'Trần Bảo Anh', '1965-11-20', 0, '27868', '1992-10-31', '18252', 'Bullard8@icloud.com', '001425405', '2f27f18b-fd4b-11ec-b2bc-847beb21fa4f', '2f21402d-fd4b-11ec-b2bc-847beb21fa4f', '80179', 5000000.0000, '2010-10-24', 0, '2004-10-14 17:52:46', 'Nguyễn Quỳnh Trang', '1988-09-28 09:58:21', 'Nguyễn Thị Trà My'),
('2f2698e5-fd4b-11ec-b2bc-847beb21fa4f', 'NV10027', 'Đặng Thị Liên', '1965-01-14', 1, '71802', '1983-01-15', '25568', 'KearneyG616@gmail.com', '055676972', '2f275575-fd4b-11ec-b2bc-847beb21fa4f', '2f21402d-fd4b-11ec-b2bc-847beb21fa4f', '71802', 5000000.0000, '2009-07-23', 0, '1970-01-01 00:00:22', 'Phạm Văn Hiệp', '1975-06-19 23:43:00', 'Nguyễn Thị Trà My'),
('2f26b3e9-fd4b-11ec-b2bc-847beb21fa4f', 'NV10044', 'Vũ Huyền Trang', '1994-02-05', 0, '30199', '2003-10-01', '00878', 'FranciscoCouncil@gmail.com', '074938549', '2f25e3f1-fd4b-11ec-b2bc-847beb21fa4f', '2f2927a9-fd4b-11ec-b2bc-847beb21fa4f', '30199', 5000000.0000, '1971-09-25', 1, '2022-08-02 00:58:59', 'Trần Thị Cẩm Tú', '2013-10-23 00:02:31', 'Vương Thị Trang'),
('2f2719a8-fd4b-11ec-b2bc-847beb21fa4f', 'NV10011', 'Phùng Thủy Nguyên', '1961-12-10', 2, '48859', '1979-12-11', '13888', 'CarlAldridge@gmail.com', '073407849', '2f27f18b-fd4b-11ec-b2bc-847beb21fa4f', '2f29922d-fd4b-11ec-b2bc-847beb21fa4f', '14056', 5000000.0000, '1990-08-01', 1, '1970-01-01 00:04:20', 'Vũ Phương Linh', '1970-01-01 00:08:32', 'Lưu Văn Thành'),
('2f274b28-fd4b-11ec-b2bc-847beb21fa4f', 'NV10003', 'Nguyễn Minh Hiếu', '1984-06-13', 0, '00071', '1977-12-13', '52445', 'BlevinsY@gmail.com', '089369628', '2f27f18b-fd4b-11ec-b2bc-847beb21fa4f', '2f29922d-fd4b-11ec-b2bc-847beb21fa4f', '47383', 5000000.0000, '1994-10-17', 1, '1999-04-20 03:57:35', 'Phùng Thủy Nguyên', '2008-09-19 17:28:24', 'Nguyễn Phương Linh'),
('2f274d39-fd4b-11ec-b2bc-847beb21fa4f', 'NV10034', 'Nguyễn Ngọc Hải', '1957-02-26', 1, '20454', '1973-08-15', '77493', 'AlfonsoRutherford3@gmail.com', '024651369', '2f275575-fd4b-11ec-b2bc-847beb21fa4f', '2f21402d-fd4b-11ec-b2bc-847beb21fa4f', '67222', 5000000.0000, '1992-10-25', 1, '1970-01-01 01:00:01', 'Nguyễn Minh Hiếu', '1985-02-12 14:48:30', 'Nguyễn Nhật Hoàng'),
('2f275e13-fd4b-11ec-b2bc-847beb21fa4f', 'NV10007', 'Nguyễn Mai Trang', '1956-04-10', 1, '05134', '1986-10-21', '32626', 'Malley@gmail.com', '055122527', '2f27ace0-fd4b-11ec-b2bc-847beb21fa4f', '2f21402d-fd4b-11ec-b2bc-847beb21fa4f', '05134', 5000000.0000, '1978-02-09', 1, '1973-07-11 09:52:18', 'Lưu Văn Thành', '2012-08-09 02:07:34', 'Nguyễn Khánh Vy'),
('2f276d7a-fd4b-11ec-b2bc-847beb21fa4f', 'NV10024', 'Nguyễn Thị Trà My', '1952-01-12', 1, '56780', '1970-01-12', '42753', 'RubenBrower@gmail.com', '095384959', '2f25e3f1-fd4b-11ec-b2bc-847beb21fa4f', '2f274d39-fd4b-11ec-b2bc-847beb21fa4f', '29903', 5000000.0000, '1979-11-06', 0, '1970-01-01 00:00:04', 'Đỗ Anh Minh', '1970-01-01 00:00:04', 'Vũ Văn Lâm'),
('2f27a082-fd4b-11ec-b2bc-847beb21fa4f', 'NV10023', 'Nguyễn Khánh Vy', '1973-03-07', 2, '81385', '2016-08-01', '87425', 'Bernard.I.Viera@gmail.com', '094481889', '2f27ace0-fd4b-11ec-b2bc-847beb21fa4f', '2f29922d-fd4b-11ec-b2bc-847beb21fa4f', NULL, 5000000.0000, '1971-07-03', NULL, '1970-01-01 00:00:05', 'Nguyễn Hà My', NULL, NULL),
('2f27c369-fd4b-11ec-b2bc-847beb21fa4f', 'NV10016', 'Nguyễn Hồ Hoàng Anh', '1967-09-12', NULL, '43325', '1970-05-16', '91604', 'Werner@gmail.com', '012603623', '2f27ace0-fd4b-11ec-b2bc-847beb21fa4f', '2f269c98-fd4b-11ec-b2bc-847beb21fa4f', '43325', 5000000.0000, '2001-01-11', 2, '1970-01-01 00:00:43', NULL, '2007-02-24 19:47:27', 'Nguyễn Hồ Hoàng Anh'),
('2f27c46d-fd4b-11ec-b2bc-847beb21fa4f', 'NV10040', 'Phùng Thủy Nguyên', '1958-01-06', 2, '80179', '1971-12-27', '74567', 'Runyon@icloud.com', '039913665', '2f25e60f-fd4b-11ec-b2bc-847beb21fa4f', '2f2927a9-fd4b-11ec-b2bc-847beb21fa4f', '00071', 5000000.0000, '2022-06-14', 1, '2004-01-27 01:57:15', 'Trần Huyền Trang', '1982-01-31 19:06:25', 'Trần Bảo Anh'),
('2f27c77e-fd4b-11ec-b2bc-847beb21fa4f', 'NV10030', 'Phạm Thành Thiết', '1979-11-02', 1, '76947', '2020-02-02', '25041', 'Jessika_Aldridge8@gmail.com', '006151563', '2f21d279-fd4b-11ec-b2bc-847beb21fa4f', '2f2927a9-fd4b-11ec-b2bc-847beb21fa4f', '45399', 5000000.0000, '2009-04-20', 2, '2022-08-02 22:59:01', 'Trần Bảo Anh', '2011-09-13 19:36:49', 'Nguyễn Mai Anh'),
('2f27ca87-fd4b-11ec-b2bc-847beb21fa4f', 'NV10014', 'Nguyễn Minh Hiếu', '1989-11-18', 2, '75456', '1991-06-13', '14684', 'Ignacia.N.Abbott@icloud.com', '047506525', '2f275575-fd4b-11ec-b2bc-847beb21fa4f', '2f21402d-fd4b-11ec-b2bc-847beb21fa4f', '77561', 5000000.0000, '2003-10-26', 1, '1970-01-01 00:00:28', 'Nguyễn Hồ Hoàng Anh', '1970-01-01 02:04:26', 'Nguyễn Lê Quang Vinh'),
('2f2809a9-fd4b-11ec-b2bc-847beb21fa4f', 'NV10039', 'Phùng Thủy Nguyên', '1960-11-27', 0, '77561', '2005-12-10', '03871', 'Smyth@gmail.com', '075877424', '2f25e3f1-fd4b-11ec-b2bc-847beb21fa4f', '2f2927a9-fd4b-11ec-b2bc-847beb21fa4f', '85342', 5000000.0000, '1990-06-10', 0, '1993-07-02 01:37:34', 'Nguyễn Quỳnh Trang', '2002-11-19 21:32:46', 'Phùng Thủy Nguyên'),
('2f285b4f-fd4b-11ec-b2bc-847beb21fa4f', 'NV10015', 'Trần Huyền Trang', '1970-10-03', 2, '32786', '1990-10-06', '23491', 'Hiatt@icloud.com', '091862521', '2f21d279-fd4b-11ec-b2bc-847beb21fa4f', '2f29922d-fd4b-11ec-b2bc-847beb21fa4f', '48859', 5000000.0000, '1988-10-26', 2, '1970-01-01 00:01:01', 'Bùi Minh Hiếu', '1970-01-01 02:05:18', 'Lê Phương Khanh'),
('2f285f6d-fd4b-11ec-b2bc-847beb21fa4f', 'NV10038', 'Nguyễn Hà My', '1957-01-12', 1, '29903', '2012-04-27', '01419', 'Alderman876@gmail.com', '043820502', '2f275575-fd4b-11ec-b2bc-847beb21fa4f', '2f29922d-fd4b-11ec-b2bc-847beb21fa4f', '76947', 5000000.0000, '1970-01-04', 2, '1970-01-02 00:00:00', 'Nguyễn Lê Quang Vinh', '2005-12-01 18:44:59', 'Nguyễn Huy Hoàng'),
('2f28744f-fd4b-11ec-b2bc-847beb21fa4f', 'NV10035', 'Trần Nguyễn Thùy Anh', '1967-11-30', 0, '39121', '2008-03-21', '52582', 'GeoffreyGreco49@gmail.com', '098695026', '2f27f18b-fd4b-11ec-b2bc-847beb21fa4f', '2f29922d-fd4b-11ec-b2bc-847beb21fa4f', '39121', 5000000.0000, '1971-06-17', 0, '1981-01-07 08:47:55', 'Đặng Thị Liên', '1970-01-01 00:08:53', 'Vũ Văn Lâm'),
('2f287760-fd4b-11ec-b2bc-847beb21fa4f', 'NV10018', 'Nguyễn Văn Bài', '2000-10-14', 2, '93025', '1993-01-13', '29231', 'Andrew883@gmail.com', '034720449', '2f27ace0-fd4b-11ec-b2bc-847beb21fa4f', '2f274d39-fd4b-11ec-b2bc-847beb21fa4f', '67961', 5000000.0000, '1997-11-24', 2, '1982-02-12 03:49:10', 'Hoàng Lê Thảo Nguyên', '1970-01-01 01:37:34', 'Nguyễn Hồ Hoàng Anh'),
('2f28873a-fd4b-11ec-b2bc-847beb21fa4f', 'NV10004', 'Nguyễn Quỳnh Trang', '1991-10-04', 0, '47383', '1971-10-21', '93779', 'Candace_Bethel@icloud.com', '066044923', '2f275575-fd4b-11ec-b2bc-847beb21fa4f', '2f29922d-fd4b-11ec-b2bc-847beb21fa4f', '32786', 5000000.0000, '1972-10-31', 0, '2022-08-02 00:01:01', 'Đặng Thị Liên', '1976-07-01 10:06:45', 'Trần Thị Cẩm Tú'),
('2f28a9a5-fd4b-11ec-b2bc-847beb21fa4f', 'NV10033', 'Hoàng Lê Thảo Nguyên', '1981-08-21', 2, '66073', '1993-06-09', '35716', 'kecp43@icloud.com', '080223002', '2f25e3f1-fd4b-11ec-b2bc-847beb21fa4f', '2f274d39-fd4b-11ec-b2bc-847beb21fa4f', '89796', 5000000.0000, '2004-04-25', 0, '1996-09-04 20:03:36', 'Nguyễn Thị Quỳnh Trang', '1988-04-14 15:05:38', 'Vũ Phương Linh'),
('2f28bb8b-fd4b-11ec-b2bc-847beb21fa4f', 'NV10012', 'Nguyễn Quỳnh Trang', '1964-02-27', 1, '64540', '1998-02-23', '79119', 'LyleDeal@icloud.com', '087575200', '2f21d279-fd4b-11ec-b2bc-847beb21fa4f', '2f21402d-fd4b-11ec-b2bc-847beb21fa4f', '66073', 5000000.0000, '2017-05-20', 2, '1970-01-01 00:00:01', 'Phạm Thành Thiết', '2009-08-04 08:37:59', 'Hoàng Lê Thảo Nguyên'),
('2f28c66d-fd4b-11ec-b2bc-847beb21fa4f', 'NV10002', 'Nguyễn Lê Quang Vinh', '1954-05-17', 1, '76337', '1972-05-17', '81759', 'Junko.Abernathy4@icloud.com', '007076047', '2f275575-fd4b-11ec-b2bc-847beb21fa4f', '2f269c98-fd4b-11ec-b2bc-847beb21fa4f', '27868', 5000000.0000, '2020-05-18', 1, '2022-08-02 00:01:59', 'Nguyễn Minh Hiếu', '2006-12-31 15:54:27', 'Vương Thị Trang'),
('2f28eaed-fd4b-11ec-b2bc-847beb21fa4f', 'NV10041', 'Nguyễn Trọng Phúc Hải', '1972-09-28', 1, '69493', '2013-08-11', '52410', 'Korey.V_Blanco@icloud.com', '009465773', '2f27f18b-fd4b-11ec-b2bc-847beb21fa4f', '2f269c98-fd4b-11ec-b2bc-847beb21fa4f', '69493', 5000000.0000, '1970-10-21', 0, '2000-10-23 13:36:54', 'Nguyễn Mai Trang', '1970-01-01 00:04:54', 'Đặng Thị Liên'),
('2f28f114-fd4b-11ec-b2bc-847beb21fa4f', 'NV10036', 'Lưu Văn Thành', '1979-10-30', 1, '85342', '1998-11-29', '64584', 'Morse727@icloud.com', '091811130', '2f2722e8-fd4b-11ec-b2bc-847beb21fa4f', '2f21402d-fd4b-11ec-b2bc-847beb21fa4f', '93025', 5000000.0000, '2018-08-09', 1, '2005-01-13 15:21:13', 'Nguyễn Khánh Vy', '1978-01-02 15:56:50', 'Nguyễn Nhật Hoàng'),
('2f2943d3-fd4b-11ec-b2bc-847beb21fa4f', 'NV10025', 'Lưu Văn Thành', '1998-02-27', NULL, '96161', '1985-03-01', '70736', 'TheronC.Atherton895@gmail.com', '055329214', '2f25e3f1-fd4b-11ec-b2bc-847beb21fa4f', '2f274d39-fd4b-11ec-b2bc-847beb21fa4f', '96161', 5000000.0000, '1983-06-27', 0, '1970-01-01 23:01:01', NULL, '2011-10-11 06:50:23', 'Nguyễn Quỳnh Trang'),
('2f299e4f-fd4b-11ec-b2bc-847beb21fa4f', 'NV10009', 'Vũ Phương Linh', '1967-11-16', 1, '22845', '2013-10-09', '82524', 'CameronWenger@icloud.com', '017660213', '2f283cbe-fd4b-11ec-b2bc-847beb21fa4f', '2f2927a9-fd4b-11ec-b2bc-847beb21fa4f', '35066', 5000000.0000, '1997-03-20', 2, '1995-03-23 03:23:33', 'Nguyễn Phương Linh', '1970-01-01 00:00:06', 'Nguyễn Nhật Hoàng'),
('2f29aba0-fd4b-11ec-b2bc-847beb21fa4f', 'NV10037', 'Phạm Văn Hiệp', '1980-01-16', 1, '56857', '1978-02-13', '67407', 'Conrad_Frizzell61@gmail.com', '045125019', '2f25e60f-fd4b-11ec-b2bc-847beb21fa4f', '2f21402d-fd4b-11ec-b2bc-847beb21fa4f', '56857', 5000000.0000, '2005-04-29', 0, '1995-09-13 11:27:01', 'Phạm Văn Hiệp', '2008-08-14 23:53:48', 'Nguyễn Phúc Đạt'),
('2f29ddf1-fd4b-11ec-b2bc-847beb21fa4f', 'NV10031', 'Đặng Thị Liên', '1962-03-06', 0, '43675', '2016-02-11', '01644', 'TrinidadCordova@gmail.com', '076582037', '2f21d279-fd4b-11ec-b2bc-847beb21fa4f', '2f2927a9-fd4b-11ec-b2bc-847beb21fa4f', '43675', 5000000.0000, '2021-06-10', 0, '1991-07-17 18:03:42', 'Vũ Huyền Trang', '1987-09-13 13:33:05', 'Đặng Thị Liên'),
('2f2a2683-fd4b-11ec-b2bc-847beb21fa4f', 'NV10017', 'Trần Thị Cẩm Tú', '1992-04-27', 0, '46790', '2002-06-21', '68679', 'Edward.B_Craddock933@icloud.com', '086220622', '2f25e60f-fd4b-11ec-b2bc-847beb21fa4f', '2f269c98-fd4b-11ec-b2bc-847beb21fa4f', '46790', 5000000.0000, '1998-06-03', 2, '1988-07-27 03:53:41', 'Đặng Thị Liên', '1998-04-29 04:48:13', 'Nguyễn Trọng Phúc Hải'),
('2f2a42a8-fd4b-11ec-b2bc-847beb21fa4f', 'NV10042', 'Trần Huyền Trang', '1968-04-15', 2, '45501', '2009-11-10', '58144', 'Clayton@icloud.com', '091659551', '2f25e3f1-fd4b-11ec-b2bc-847beb21fa4f', '2f2927a9-fd4b-11ec-b2bc-847beb21fa4f', '69402', 5000000.0000, '2010-04-21', 0, '1982-01-28 16:39:19', 'Lưu Văn Thành', '2009-08-16 07:50:21', 'Phạm Thành Thiết'),
('55bf2369-7311-4267-84b2-a02679fd9856', 'NV10058', 'Nguyễn Vũ Hải Thái', '2000-10-22', 0, '073532475', '2018-02-28', 'Hà Giang', 'thainvh22@gmail.com', '0868886703', '2f21d279-fd4b-11ec-b2bc-847beb21fa4f', '2f2927a9-fd4b-11ec-b2bc-847beb21fa4f', '', NULL, NULL, 0, '2022-08-09 03:20:21', NULL, '2022-08-09 03:20:21', NULL),
('76bb16da-a917-45c0-b579-3309aa90d9a0', 'NV10046', 'Đỗ Anh Minh', NULL, NULL, '06604', NULL, '29252', 'uiljbrgg_amtlxdmyak@icloud.com', '043140555', NULL, '2f2927a9-fd4b-11ec-b2bc-847beb21fa4f', '76337', 5000000.0000, NULL, 2, '2022-08-09 00:11:51', NULL, '2022-08-09 00:11:51', NULL),
('82d7ca16-6c78-454c-813e-898a42405e77', 'NV10055', 'a', NULL, NULL, '1', NULL, '1', '1@gmail.com', '1', NULL, '2f274d39-fd4b-11ec-b2bc-847beb21fa4f', '', 55555555555.0000, NULL, NULL, '2022-08-09 02:33:54', NULL, '2022-08-09 02:33:54', NULL),
('aa724766-9903-4118-9271-568f92fdfe4b', 'NV10057', 'a', '2022-08-14', 0, '1', NULL, '', '1@gmail.com', '1', NULL, '2f2927a9-fd4b-11ec-b2bc-847beb21fa4f', '', 5000000.0000, '2022-08-26', 2, '2022-08-09 00:12:06', NULL, NULL, NULL),
('bde661ab-fbdb-41ff-9bc2-d8182fa95105', 'NV10054', 'a', NULL, NULL, '1', NULL, 'a', 'a@gmail.com', '1', NULL, NULL, '', 10000000.0000, NULL, NULL, '2022-08-09 02:33:21', NULL, '2022-08-09 02:33:21', NULL),
('e084aa2d-a4dc-47e2-8cbe-520ac09cefc3', 'NV10049', 'Nguyễn Quỳnh Trang', NULL, 0, '91056', NULL, '64063', 'Verlie.Cathey23@gmail.com', '078118125', '2f27f18b-fd4b-11ec-b2bc-847beb21fa4f', '2f269c98-fd4b-11ec-b2bc-847beb21fa4f', '81385', 5000000.0000, NULL, 0, '2022-08-09 00:13:06', NULL, NULL, NULL),
('f8166f57-a6ba-4730-8402-55e85eab3433', 'NV10051', 'Nguyễn Quỳnh Trang', NULL, 0, '91056', NULL, '64063', 'Verlie.Cathey23@gmail.com', '078118125', '2f27f18b-fd4b-11ec-b2bc-847beb21fa4f', '2f269c98-fd4b-11ec-b2bc-847beb21fa4f', '81385', 5000000.0000, NULL, 0, '2022-08-09 00:16:38', NULL, '2022-08-09 00:16:38', NULL);

-- 
-- Restore previous SQL mode
-- 
/*!40101 SET SQL_MODE=@OLD_SQL_MODE */;

-- 
-- Enable foreign keys
-- 
/*!40014 SET FOREIGN_KEY_CHECKS = @OLD_FOREIGN_KEY_CHECKS */;